,,Zoom ,,Nike,,FIS,,American Air
,Date,Close,Date,Close,Date,Close,Date,Close
,4/18/2019 16:00:00,62,1/2/2019 16:00:00,74.06,1/2/2019 16:00:00,101.43,1/2/2019 16:00:00,32.48
,4/22/2019 16:00:00,65.7,1/3/2019 16:00:00,72.75,1/3/2019 16:00:00,98.31,1/3/2019 16:00:00,30.06
,4/23/2019 16:00:00,69,1/4/2019 16:00:00,74.65,1/4/2019 16:00:00,101.78,1/4/2019 16:00:00,32.04
,4/24/2019 16:00:00,63.2,1/7/2019 16:00:00,75.72,1/7/2019 16:00:00,102.42,1/7/2019 16:00:00,32.95
,4/25/2019 16:00:00,65,1/8/2019 16:00:00,76.73,1/8/2019 16:00:00,103.19,1/8/2019 16:00:00,32.42
,4/26/2019 16:00:00,66.22,1/9/2019 16:00:00,76.59,1/9/2019 16:00:00,102.7,1/9/2019 16:00:00,33.42
,4/29/2019 16:00:00,68.17,1/10/2019 16:00:00,76.42,1/10/2019 16:00:00,103.83,1/10/2019 16:00:00,32.04
,4/30/2019 16:00:00,72.47,1/11/2019 16:00:00,76.04,1/11/2019 16:00:00,103.53,1/11/2019 16:00:00,31.8
,5/1/2019 16:00:00,72.76,1/14/2019 16:00:00,76.09,1/14/2019 16:00:00,103.66,1/14/2019 16:00:00,31.71
,5/2/2019 16:00:00,75.5,1/15/2019 16:00:00,77.88,1/15/2019 16:00:00,104.71,1/15/2019 16:00:00,32.1
,5/3/2019 16:00:00,79.18,1/16/2019 16:00:00,77.68,1/16/2019 16:00:00,103.67,1/16/2019 16:00:00,32.84
,5/6/2019 16:00:00,78.24,1/17/2019 16:00:00,79.13,1/17/2019 16:00:00,104.21,1/17/2019 16:00:00,33.58
,5/7/2019 16:00:00,73.33,1/18/2019 16:00:00,80.45,1/18/2019 16:00:00,105.84,1/18/2019 16:00:00,33.97
,5/8/2019 16:00:00,77.68,1/22/2019 16:00:00,80.75,1/22/2019 16:00:00,105.34,1/22/2019 16:00:00,32.74
,5/9/2019 16:00:00,75.21,1/23/2019 16:00:00,80.5,1/23/2019 16:00:00,105.89,1/23/2019 16:00:00,31.65
,5/10/2019 16:00:00,79.63,1/24/2019 16:00:00,80.44,1/24/2019 16:00:00,105.16,1/24/2019 16:00:00,33.66
,5/13/2019 16:00:00,72.54,1/25/2019 16:00:00,80.61,1/25/2019 16:00:00,105.43,1/25/2019 16:00:00,34.98
,5/14/2019 16:00:00,73.14,1/28/2019 16:00:00,80.32,1/28/2019 16:00:00,104.29,1/28/2019 16:00:00,36.57
,5/15/2019 16:00:00,79.76,1/29/2019 16:00:00,80.22,1/29/2019 16:00:00,103.59,1/29/2019 16:00:00,36.29
,5/16/2019 16:00:00,83.4,1/30/2019 16:00:00,81.28,1/30/2019 16:00:00,105.52,1/30/2019 16:00:00,36.34
,5/17/2019 16:00:00,89.98,1/31/2019 16:00:00,81.88,1/31/2019 16:00:00,104.53,1/31/2019 16:00:00,35.77
,5/20/2019 16:00:00,84.67,2/1/2019 16:00:00,81.51,2/1/2019 16:00:00,107.2,2/1/2019 16:00:00,36.11
,5/21/2019 16:00:00,85.44,2/4/2019 16:00:00,81.99,2/4/2019 16:00:00,108.97,2/4/2019 16:00:00,36.78
,5/22/2019 16:00:00,82.43,2/5/2019 16:00:00,82.86,2/5/2019 16:00:00,109.9,2/5/2019 16:00:00,36.93
,5/23/2019 16:00:00,78.76,2/6/2019 16:00:00,82.71,2/6/2019 16:00:00,109.7,2/6/2019 16:00:00,36.76
,5/24/2019 16:00:00,76.25,2/7/2019 16:00:00,82.39,2/7/2019 16:00:00,108.67,2/7/2019 16:00:00,36.17
,5/28/2019 16:00:00,77.77,2/8/2019 16:00:00,82.36,2/8/2019 16:00:00,109,2/8/2019 16:00:00,36
,5/29/2019 16:00:00,75.77,2/11/2019 16:00:00,83.68,2/11/2019 16:00:00,109.1,2/11/2019 16:00:00,36.59
,5/30/2019 16:00:00,80.42,2/12/2019 16:00:00,84.71,2/12/2019 16:00:00,106.55,2/12/2019 16:00:00,35.75
,5/31/2019 16:00:00,79.73,2/13/2019 16:00:00,85.4,2/13/2019 16:00:00,106.79,2/13/2019 16:00:00,36.21
,6/3/2019 16:00:00,75.9,2/14/2019 16:00:00,84.68,2/14/2019 16:00:00,106.3,2/14/2019 16:00:00,36.11
,6/4/2019 16:00:00,78.74,2/15/2019 16:00:00,85.38,2/15/2019 16:00:00,108.93,2/15/2019 16:00:00,35.05
,6/5/2019 16:00:00,78.04,2/19/2019 16:00:00,84.57,2/19/2019 16:00:00,108.71,2/19/2019 16:00:00,35.47
,6/6/2019 16:00:00,79.43,2/20/2019 16:00:00,84.84,2/20/2019 16:00:00,107.06,2/20/2019 16:00:00,35.06
,6/7/2019 16:00:00,94.05,2/21/2019 16:00:00,83.95,2/21/2019 16:00:00,107.12,2/21/2019 16:00:00,34.98
,6/10/2019 16:00:00,102,2/22/2019 16:00:00,84.76,2/22/2019 16:00:00,107.09,2/22/2019 16:00:00,35.49
,6/11/2019 16:00:00,94.87,2/25/2019 16:00:00,85.17,2/25/2019 16:00:00,106.79,2/25/2019 16:00:00,35.9
,6/12/2019 16:00:00,102.77,2/26/2019 16:00:00,85.8,2/26/2019 16:00:00,106.81,2/26/2019 16:00:00,36.25
,6/13/2019 16:00:00,100.95,2/27/2019 16:00:00,86.17,2/27/2019 16:00:00,107.21,2/27/2019 16:00:00,35.69
,6/14/2019 16:00:00,100.29,2/28/2019 16:00:00,85.73,2/28/2019 16:00:00,108.15,2/28/2019 16:00:00,35.63
,6/17/2019 16:00:00,98.11,3/1/2019 16:00:00,87.16,3/1/2019 16:00:00,108.39,3/1/2019 16:00:00,34.64
,6/18/2019 16:00:00,99.64,3/4/2019 16:00:00,85.64,3/4/2019 16:00:00,107.32,3/4/2019 16:00:00,33.72
,6/19/2019 16:00:00,102.39,3/5/2019 16:00:00,85.44,3/5/2019 16:00:00,106.89,3/5/2019 16:00:00,33.23
,6/20/2019 16:00:00,102.3,3/6/2019 16:00:00,85.13,3/6/2019 16:00:00,106.6,3/6/2019 16:00:00,32.76
,6/21/2019 16:00:00,100.47,3/7/2019 16:00:00,85.26,3/7/2019 16:00:00,105.65,3/7/2019 16:00:00,32.22
,6/24/2019 16:00:00,89.41,3/8/2019 16:00:00,84.8,3/8/2019 16:00:00,105.71,3/8/2019 16:00:00,31.91
,6/25/2019 16:00:00,85.03,3/11/2019 16:00:00,85.82,3/11/2019 16:00:00,107.04,3/11/2019 16:00:00,32.05
,6/26/2019 16:00:00,86.33,3/12/2019 16:00:00,85.43,3/12/2019 16:00:00,107.37,3/12/2019 16:00:00,30.92
,6/27/2019 16:00:00,90.27,3/13/2019 16:00:00,85.93,3/13/2019 16:00:00,107.6,3/13/2019 16:00:00,31.84
,6/28/2019 16:00:00,88.79,3/14/2019 16:00:00,86.87,3/14/2019 16:00:00,107.78,3/14/2019 16:00:00,32.13
,7/1/2019 16:00:00,86.86,3/15/2019 16:00:00,86.8,3/15/2019 16:00:00,108.88,3/15/2019 16:00:00,31.43
,7/2/2019 16:00:00,85.13,3/18/2019 16:00:00,87.82,3/18/2019 16:00:00,108.12,3/18/2019 16:00:00,31.38
,7/3/2019 13:00:00,90.45,3/19/2019 16:00:00,87.69,3/19/2019 16:00:00,106.6,3/19/2019 16:00:00,31.59
,7/5/2019 16:00:00,91.88,3/20/2019 16:00:00,86.69,3/20/2019 16:00:00,106.75,3/20/2019 16:00:00,30.96
,7/8/2019 16:00:00,90.76,3/21/2019 16:00:00,88.01,3/21/2019 16:00:00,110.16,3/21/2019 16:00:00,31.45
,7/9/2019 16:00:00,90.93,3/22/2019 16:00:00,82.19,3/22/2019 16:00:00,110.41,3/22/2019 16:00:00,30.57
,7/10/2019 16:00:00,92.72,3/25/2019 16:00:00,82.33,3/25/2019 16:00:00,108.42,3/25/2019 16:00:00,30.21
,7/11/2019 16:00:00,91.4,3/26/2019 16:00:00,83.38,3/26/2019 16:00:00,109.91,3/26/2019 16:00:00,30.21
,7/12/2019 16:00:00,93.3,3/27/2019 16:00:00,83.09,3/27/2019 16:00:00,109.97,3/27/2019 16:00:00,30.94
,7/15/2019 16:00:00,99.8,3/28/2019 16:00:00,84.04,3/28/2019 16:00:00,111.18,3/28/2019 16:00:00,30.9
,7/16/2019 16:00:00,97.1,3/29/2019 16:00:00,84.21,3/29/2019 16:00:00,113.1,3/29/2019 16:00:00,31.76
,7/17/2019 16:00:00,99.73,4/1/2019 16:00:00,85.23,4/1/2019 16:00:00,113.78,4/1/2019 16:00:00,32.35
,7/18/2019 16:00:00,95.19,4/2/2019 16:00:00,84.37,4/2/2019 16:00:00,114.12,4/2/2019 16:00:00,32.99
,7/19/2019 16:00:00,93.38,4/3/2019 16:00:00,84.47,4/3/2019 16:00:00,114.93,4/3/2019 16:00:00,33.71
,7/22/2019 16:00:00,96.67,4/4/2019 16:00:00,85.28,4/4/2019 16:00:00,114.03,4/4/2019 16:00:00,33.93
,7/23/2019 16:00:00,97.39,4/5/2019 16:00:00,85.4,4/5/2019 16:00:00,113.39,4/5/2019 16:00:00,34.06
,7/24/2019 16:00:00,95.94,4/8/2019 16:00:00,84.73,4/8/2019 16:00:00,113.65,4/8/2019 16:00:00,33.88
,7/25/2019 16:00:00,97.11,4/9/2019 16:00:00,84.28,4/9/2019 16:00:00,113.76,4/9/2019 16:00:00,33.31
,7/26/2019 16:00:00,102.2,4/10/2019 16:00:00,84.88,4/10/2019 16:00:00,112.38,4/10/2019 16:00:00,34.02
,7/29/2019 16:00:00,96.47,4/11/2019 16:00:00,85,4/11/2019 16:00:00,112.9,4/11/2019 16:00:00,34.81
,7/30/2019 16:00:00,95.49,4/12/2019 16:00:00,86.24,4/12/2019 16:00:00,113.16,4/12/2019 16:00:00,34.69
,7/31/2019 16:00:00,95.51,4/15/2019 16:00:00,86.83,4/15/2019 16:00:00,113.14,4/15/2019 16:00:00,33.75
,8/1/2019 16:00:00,95.1,4/16/2019 16:00:00,87.8,4/16/2019 16:00:00,111.58,4/16/2019 16:00:00,34.03
,8/2/2019 16:00:00,93.66,4/17/2019 16:00:00,88.73,4/17/2019 16:00:00,111.1,4/17/2019 16:00:00,34.38
,8/5/2019 16:00:00,89.69,4/18/2019 16:00:00,89.2,4/18/2019 16:00:00,110.89,4/18/2019 16:00:00,34.37
,8/6/2019 16:00:00,90.43,4/22/2019 16:00:00,87.36,4/22/2019 16:00:00,112.21,4/22/2019 16:00:00,33.48
,8/7/2019 16:00:00,92.45,4/23/2019 16:00:00,87.43,4/23/2019 16:00:00,112.8,4/23/2019 16:00:00,33.97
,8/8/2019 16:00:00,95.77,4/24/2019 16:00:00,88.39,4/24/2019 16:00:00,112.04,4/24/2019 16:00:00,33.99
,8/9/2019 16:00:00,94.2,4/25/2019 16:00:00,87.56,4/25/2019 16:00:00,111.55,4/25/2019 16:00:00,33.41
,8/12/2019 16:00:00,92.16,4/26/2019 16:00:00,88.31,4/26/2019 16:00:00,110.9,4/26/2019 16:00:00,33.06
,8/13/2019 16:00:00,95.45,4/29/2019 16:00:00,88.26,4/29/2019 16:00:00,111.54,4/29/2019 16:00:00,33.77
,8/14/2019 16:00:00,92.65,4/30/2019 16:00:00,87.83,4/30/2019 16:00:00,115.93,4/30/2019 16:00:00,34.18
,8/15/2019 16:00:00,90.64,5/1/2019 16:00:00,85.9,5/1/2019 16:00:00,115.22,5/1/2019 16:00:00,33.91
,8/16/2019 16:00:00,92.53,5/2/2019 16:00:00,85.27,5/2/2019 16:00:00,117.8,5/2/2019 16:00:00,33.95
,8/19/2019 16:00:00,93.17,5/3/2019 16:00:00,85.7,5/3/2019 16:00:00,117.76,5/3/2019 16:00:00,34.79
,8/20/2019 16:00:00,91.41,5/6/2019 16:00:00,83.57,5/6/2019 16:00:00,117.32,5/6/2019 16:00:00,34.75
,8/21/2019 16:00:00,93.01,5/7/2019 16:00:00,82.54,5/7/2019 16:00:00,115.89,5/7/2019 16:00:00,33.91
,8/22/2019 16:00:00,93.87,5/8/2019 16:00:00,82.77,5/8/2019 16:00:00,116.14,5/8/2019 16:00:00,33.75
,8/23/2019 16:00:00,91.63,5/9/2019 16:00:00,82.98,5/9/2019 16:00:00,115.87,5/9/2019 16:00:00,33.95
,8/26/2019 16:00:00,91.76,5/10/2019 16:00:00,83.95,5/10/2019 16:00:00,116.72,5/10/2019 16:00:00,33.99
,8/27/2019 16:00:00,91.73,5/13/2019 16:00:00,82.53,5/13/2019 16:00:00,115.45,5/13/2019 16:00:00,32.14
,8/28/2019 16:00:00,90.16,5/14/2019 16:00:00,83.67,5/14/2019 16:00:00,116.92,5/14/2019 16:00:00,32.34
,8/29/2019 16:00:00,90.87,5/15/2019 16:00:00,84.01,5/15/2019 16:00:00,117.25,5/15/2019 16:00:00,32.16
,8/30/2019 16:00:00,91.67,5/16/2019 16:00:00,84.28,5/16/2019 16:00:00,119.1,5/16/2019 16:00:00,32.32
,9/3/2019 16:00:00,92.46,5/17/2019 16:00:00,84.57,5/17/2019 16:00:00,118.73,5/17/2019 16:00:00,31.74
,9/4/2019 16:00:00,93.53,5/20/2019 16:00:00,82.85,5/20/2019 16:00:00,118.32,5/20/2019 16:00:00,30.96
,9/5/2019 16:00:00,92.69,5/21/2019 16:00:00,83.64,5/21/2019 16:00:00,120.41,5/21/2019 16:00:00,31.3
,9/6/2019 16:00:00,85.41,5/22/2019 16:00:00,83.2,5/22/2019 16:00:00,121,5/22/2019 16:00:00,29.92
,9/9/2019 16:00:00,78.65,5/23/2019 16:00:00,82.64,5/23/2019 16:00:00,120.41,5/23/2019 16:00:00,29.5
,9/10/2019 16:00:00,80.35,5/24/2019 16:00:00,82.16,5/24/2019 16:00:00,118.74,5/24/2019 16:00:00,29.17
,9/11/2019 16:00:00,80.71,5/28/2019 16:00:00,81.2,5/28/2019 16:00:00,119.35,5/28/2019 16:00:00,28.73
,9/12/2019 16:00:00,81.53,5/29/2019 16:00:00,78.87,5/29/2019 16:00:00,119.07,5/29/2019 16:00:00,28.41
,9/13/2019 16:00:00,78.85,5/30/2019 16:00:00,79.26,5/30/2019 16:00:00,119.55,5/30/2019 16:00:00,28.17
,9/16/2019 16:00:00,80.67,5/31/2019 16:00:00,77.14,5/31/2019 16:00:00,120.3,5/31/2019 16:00:00,27.23
,9/17/2019 16:00:00,84.64,6/3/2019 16:00:00,77.96,6/3/2019 16:00:00,116.57,6/3/2019 16:00:00,27.2
,9/18/2019 16:00:00,84.55,6/4/2019 16:00:00,81.62,6/4/2019 16:00:00,120.24,6/4/2019 16:00:00,29.12
,9/19/2019 16:00:00,84.62,6/5/2019 16:00:00,82.72,6/5/2019 16:00:00,121.79,6/5/2019 16:00:00,30.36
,9/20/2019 16:00:00,82.63,6/6/2019 16:00:00,82.45,6/6/2019 16:00:00,121.57,6/6/2019 16:00:00,30.38
,9/23/2019 16:00:00,82.62,6/7/2019 16:00:00,83.41,6/7/2019 16:00:00,122.54,6/7/2019 16:00:00,30.92
,9/24/2019 16:00:00,80.02,6/10/2019 16:00:00,82.58,6/10/2019 16:00:00,122.29,6/10/2019 16:00:00,30.76
,9/25/2019 16:00:00,79.6,6/11/2019 16:00:00,83.26,6/11/2019 16:00:00,121.69,6/11/2019 16:00:00,30.58
,9/26/2019 16:00:00,79.75,6/12/2019 16:00:00,82.63,6/12/2019 16:00:00,120.95,6/12/2019 16:00:00,31.1
,9/27/2019 16:00:00,76.04,6/13/2019 16:00:00,83.61,6/13/2019 16:00:00,120.84,6/13/2019 16:00:00,33.09
,9/30/2019 16:00:00,76.2,6/14/2019 16:00:00,83.44,6/14/2019 16:00:00,121.4,6/14/2019 16:00:00,32.68
,10/1/2019 16:00:00,75.81,6/17/2019 16:00:00,82.11,6/17/2019 16:00:00,121.53,6/17/2019 16:00:00,32.56
,10/2/2019 16:00:00,73.85,6/18/2019 16:00:00,84.3,6/18/2019 16:00:00,122.62,6/18/2019 16:00:00,32.52
,10/3/2019 16:00:00,76.83,6/19/2019 16:00:00,83.55,6/19/2019 16:00:00,123.29,6/19/2019 16:00:00,33.21
,10/4/2019 16:00:00,76.53,6/20/2019 16:00:00,85.24,6/20/2019 16:00:00,123.88,6/20/2019 16:00:00,32.15
,10/7/2019 16:00:00,76.99,6/21/2019 16:00:00,85.75,6/21/2019 16:00:00,122.7,6/21/2019 16:00:00,31.57
,10/8/2019 16:00:00,73.59,6/24/2019 16:00:00,84.5,6/24/2019 16:00:00,121.22,6/24/2019 16:00:00,31.82
,10/9/2019 16:00:00,72.86,6/25/2019 16:00:00,82.62,6/25/2019 16:00:00,121.26,6/25/2019 16:00:00,31.26
,10/10/2019 16:00:00,71.01,6/26/2019 16:00:00,82.55,6/26/2019 16:00:00,121.27,6/26/2019 16:00:00,31.46
,10/11/2019 16:00:00,71.35,6/27/2019 16:00:00,83.66,6/27/2019 16:00:00,121.34,6/27/2019 16:00:00,32.15
,10/14/2019 16:00:00,70.8,6/28/2019 16:00:00,83.95,6/28/2019 16:00:00,122.68,6/28/2019 16:00:00,32.61
,10/15/2019 16:00:00,71.11,7/1/2019 16:00:00,85.41,7/1/2019 16:00:00,124.57,7/1/2019 16:00:00,32.88
,10/16/2019 16:00:00,67.69,7/2/2019 16:00:00,84.96,7/2/2019 16:00:00,124.91,7/2/2019 16:00:00,32.19
,10/17/2019 16:00:00,67.03,7/3/2019 13:00:00,86.2,7/3/2019 13:00:00,126.62,7/3/2019 13:00:00,32.72
,10/18/2019 16:00:00,66.08,7/5/2019 16:00:00,86.82,7/5/2019 16:00:00,126.8,7/5/2019 16:00:00,32.46
,10/21/2019 16:00:00,65.77,7/8/2019 16:00:00,88.48,7/8/2019 16:00:00,126.83,7/8/2019 16:00:00,32.79
,10/22/2019 16:00:00,62,7/9/2019 16:00:00,88.04,7/9/2019 16:00:00,127,7/9/2019 16:00:00,32.36
,10/23/2019 16:00:00,62.06,7/10/2019 16:00:00,87.44,7/10/2019 16:00:00,126.92,7/10/2019 16:00:00,32.94
,10/24/2019 16:00:00,64.52,7/11/2019 16:00:00,88.29,7/11/2019 16:00:00,127.82,7/11/2019 16:00:00,33.03
,10/25/2019 16:00:00,63.45,7/12/2019 16:00:00,89.12,7/12/2019 16:00:00,129.36,7/12/2019 16:00:00,33.78
,10/28/2019 16:00:00,66.56,7/15/2019 16:00:00,89.48,7/15/2019 16:00:00,130.36,7/15/2019 16:00:00,33.61
,10/29/2019 16:00:00,65.49,7/16/2019 16:00:00,88.6,7/16/2019 16:00:00,129.71,7/16/2019 16:00:00,34.22
,10/30/2019 16:00:00,70,7/17/2019 16:00:00,87.5,7/17/2019 16:00:00,130.6,7/17/2019 16:00:00,33.26
,10/31/2019 16:00:00,69.89,7/18/2019 16:00:00,87.44,7/18/2019 16:00:00,131.33,7/18/2019 16:00:00,33.74
,11/1/2019 16:00:00,70.39,7/19/2019 16:00:00,86.55,7/19/2019 16:00:00,129.74,7/19/2019 16:00:00,33.08
,11/4/2019 16:00:00,70.12,7/22/2019 16:00:00,85.97,7/22/2019 16:00:00,131.09,7/22/2019 16:00:00,32.9
,11/5/2019 16:00:00,66.89,7/23/2019 16:00:00,86.7,7/23/2019 16:00:00,131.06,7/23/2019 16:00:00,33.73
,11/6/2019 16:00:00,66.83,7/24/2019 16:00:00,86.7,7/24/2019 16:00:00,130.12,7/24/2019 16:00:00,34.59
,11/7/2019 16:00:00,66.81,7/25/2019 16:00:00,87.28,7/25/2019 16:00:00,132.48,7/25/2019 16:00:00,31.67
,11/8/2019 16:00:00,69.85,7/26/2019 16:00:00,87.54,7/26/2019 16:00:00,135.61,7/26/2019 16:00:00,31.24
,11/11/2019 16:00:00,68.39,7/29/2019 16:00:00,87.62,7/29/2019 16:00:00,136.71,7/29/2019 16:00:00,30.74
,11/12/2019 16:00:00,68,7/30/2019 16:00:00,87.2,7/30/2019 16:00:00,133.69,7/30/2019 16:00:00,30.71
,11/13/2019 16:00:00,68.01,7/31/2019 16:00:00,86.03,7/31/2019 16:00:00,133.25,7/31/2019 16:00:00,30.51
,11/14/2019 16:00:00,67.74,8/1/2019 16:00:00,83.12,8/1/2019 16:00:00,131.21,8/1/2019 16:00:00,29.84
,11/15/2019 16:00:00,70.01,8/2/2019 16:00:00,81.14,8/2/2019 16:00:00,130.16,8/2/2019 16:00:00,29.45
,11/18/2019 16:00:00,70.08,8/5/2019 16:00:00,78.97,8/5/2019 16:00:00,125.95,8/5/2019 16:00:00,28.53
,11/19/2019 16:00:00,69.64,8/6/2019 16:00:00,81.3,8/6/2019 16:00:00,130.92,8/6/2019 16:00:00,28.36
,11/20/2019 16:00:00,70.99,8/7/2019 16:00:00,81.28,8/7/2019 16:00:00,134.48,8/7/2019 16:00:00,28.63
,11/21/2019 16:00:00,69.92,8/8/2019 16:00:00,83,8/8/2019 16:00:00,136.39,8/8/2019 16:00:00,29.08
,11/22/2019 16:00:00,73.16,8/9/2019 16:00:00,81.98,8/9/2019 16:00:00,136.5,8/9/2019 16:00:00,28.78
,11/25/2019 16:00:00,74.55,8/12/2019 16:00:00,81.65,8/12/2019 16:00:00,132.47,8/12/2019 16:00:00,27.64
,11/26/2019 16:00:00,75.16,8/13/2019 16:00:00,83.32,8/13/2019 16:00:00,134.85,8/13/2019 16:00:00,27.51
,11/27/2019 16:00:00,74.08,8/14/2019 16:00:00,81.03,8/14/2019 16:00:00,130.68,8/14/2019 16:00:00,26.1
,11/29/2019 13:00:00,74.5,8/15/2019 16:00:00,79.51,8/15/2019 16:00:00,134.94,8/15/2019 16:00:00,25.41
,12/2/2019 16:00:00,68.93,8/16/2019 16:00:00,80.28,8/16/2019 16:00:00,138.31,8/16/2019 16:00:00,25.79
,12/3/2019 16:00:00,70.02,8/19/2019 16:00:00,81.13,8/19/2019 16:00:00,138.89,8/19/2019 16:00:00,26.1
,12/4/2019 16:00:00,69.96,8/20/2019 16:00:00,80.53,8/20/2019 16:00:00,139.62,8/20/2019 16:00:00,25.83
,12/5/2019 16:00:00,69.67,8/21/2019 16:00:00,82.74,8/21/2019 16:00:00,138.2,8/21/2019 16:00:00,26.42
,12/6/2019 16:00:00,62.74,8/22/2019 16:00:00,83.31,8/22/2019 16:00:00,137.97,8/22/2019 16:00:00,26.53
,12/9/2019 16:00:00,65.94,8/23/2019 16:00:00,80.44,8/23/2019 16:00:00,134.47,8/23/2019 16:00:00,25.42
,12/10/2019 16:00:00,64.57,8/26/2019 16:00:00,82.25,8/26/2019 16:00:00,135.65,8/26/2019 16:00:00,25.19
,12/11/2019 16:00:00,63.52,8/27/2019 16:00:00,82.03,8/27/2019 16:00:00,136.73,8/27/2019 16:00:00,24.45
,12/12/2019 16:00:00,62.49,8/28/2019 16:00:00,83.48,8/28/2019 16:00:00,137.01,8/28/2019 16:00:00,25.33
,12/13/2019 16:00:00,63.54,8/29/2019 16:00:00,85.38,8/29/2019 16:00:00,137.33,8/29/2019 16:00:00,26.32
,12/16/2019 16:00:00,66.35,8/30/2019 16:00:00,84.5,8/30/2019 16:00:00,136.22,8/30/2019 16:00:00,26.31
,12/17/2019 16:00:00,66.17,9/3/2019 16:00:00,84.67,9/3/2019 16:00:00,136.57,9/3/2019 16:00:00,26.51
,12/18/2019 16:00:00,67.6,9/4/2019 16:00:00,86.35,9/4/2019 16:00:00,137.72,9/4/2019 16:00:00,27
,12/19/2019 16:00:00,68.18,9/5/2019 16:00:00,88.42,9/5/2019 16:00:00,139.05,9/5/2019 16:00:00,27.69
,12/20/2019 16:00:00,66.93,9/6/2019 16:00:00,88.69,9/6/2019 16:00:00,137.67,9/6/2019 16:00:00,27.79
,12/23/2019 16:00:00,66.15,9/9/2019 16:00:00,88.67,9/9/2019 16:00:00,133.84,9/9/2019 16:00:00,28.44
,12/24/2019 13:00:00,66.46,9/10/2019 16:00:00,86.83,9/10/2019 16:00:00,131.36,9/10/2019 16:00:00,29.12
,12/26/2019 16:00:00,67.45,9/11/2019 16:00:00,86.75,9/11/2019 16:00:00,131.29,9/11/2019 16:00:00,29.76
,12/27/2019 16:00:00,66.64,9/12/2019 16:00:00,87.67,9/12/2019 16:00:00,133.44,9/12/2019 16:00:00,29.94
,12/30/2019 16:00:00,66.79,9/13/2019 16:00:00,87.32,9/13/2019 16:00:00,130.88,9/13/2019 16:00:00,29.95
,12/31/2019 16:00:00,68.04,9/16/2019 16:00:00,87.27,9/16/2019 16:00:00,133.06,9/16/2019 16:00:00,27.77
,1/2/2020 16:00:00,68.72,9/17/2019 16:00:00,87.59,9/17/2019 16:00:00,134.41,9/17/2019 16:00:00,28.64
,1/3/2020 16:00:00,67.28,9/18/2019 16:00:00,88.08,9/18/2019 16:00:00,132.89,9/18/2019 16:00:00,28.6
,1/6/2020 16:00:00,70.32,9/19/2019 16:00:00,87.7,9/19/2019 16:00:00,133.9,9/19/2019 16:00:00,28.3
,1/7/2020 16:00:00,71.9,9/20/2019 16:00:00,86.68,9/20/2019 16:00:00,131.81,9/20/2019 16:00:00,27.99
,1/8/2020 16:00:00,72.55,9/23/2019 16:00:00,87.69,9/23/2019 16:00:00,131.52,9/23/2019 16:00:00,27.5
,1/9/2020 16:00:00,72.62,9/24/2019 16:00:00,87.18,9/24/2019 16:00:00,132.9,9/24/2019 16:00:00,27
,1/10/2020 16:00:00,73.09,9/25/2019 16:00:00,90.81,9/25/2019 16:00:00,133.53,9/25/2019 16:00:00,27.44
,1/13/2020 16:00:00,74.03,9/26/2019 16:00:00,92.17,9/26/2019 16:00:00,133.42,9/26/2019 16:00:00,27.19
,1/14/2020 16:00:00,73.16,9/27/2019 16:00:00,92.31,9/27/2019 16:00:00,130.68,9/27/2019 16:00:00,27.01
,1/15/2020 16:00:00,76.94,9/30/2019 16:00:00,93.92,9/30/2019 16:00:00,132.76,9/30/2019 16:00:00,26.97
,1/16/2020 16:00:00,76.11,10/1/2019 16:00:00,92.28,10/1/2019 16:00:00,131.26,10/1/2019 16:00:00,26.8
,1/17/2020 16:00:00,75.56,10/2/2019 16:00:00,91.49,10/2/2019 16:00:00,129.38,10/2/2019 16:00:00,25.37
,1/21/2020 16:00:00,76.73,10/3/2019 16:00:00,92.22,10/3/2019 16:00:00,129.88,10/3/2019 16:00:00,25.27
,1/22/2020 16:00:00,75.61,10/4/2019 16:00:00,93.07,10/4/2019 16:00:00,131.41,10/4/2019 16:00:00,25.83
,1/23/2020 16:00:00,74.47,10/7/2019 16:00:00,93.17,10/7/2019 16:00:00,130.57,10/7/2019 16:00:00,25.83
,1/24/2020 16:00:00,73,10/8/2019 16:00:00,91.75,10/8/2019 16:00:00,129.53,10/8/2019 16:00:00,26.26
,1/27/2020 16:00:00,70.44,10/9/2019 16:00:00,92.52,10/9/2019 16:00:00,131.63,10/9/2019 16:00:00,27.07
,1/28/2020 16:00:00,71.51,10/10/2019 16:00:00,93,10/10/2019 16:00:00,131.54,10/10/2019 16:00:00,27.18
,1/29/2020 16:00:00,73.58,10/11/2019 16:00:00,93.88,10/11/2019 16:00:00,132.03,10/11/2019 16:00:00,27.36
,1/30/2020 16:00:00,74.54,10/14/2019 16:00:00,94.88,10/14/2019 16:00:00,132.74,10/14/2019 16:00:00,27.62
,1/31/2020 16:00:00,76.3,10/15/2019 16:00:00,94.79,10/15/2019 16:00:00,132.81,10/15/2019 16:00:00,28.27
,2/3/2020 16:00:00,87.66,10/16/2019 16:00:00,94.88,10/16/2019 16:00:00,131.76,10/16/2019 16:00:00,28.05
,2/4/2020 16:00:00,85.79,10/17/2019 16:00:00,95.56,10/17/2019 16:00:00,130.53,10/17/2019 16:00:00,27.93
,2/5/2020 16:00:00,86.99,10/18/2019 16:00:00,96.1,10/18/2019 16:00:00,128.33,10/18/2019 16:00:00,28.22
,2/6/2020 16:00:00,87.26,10/21/2019 16:00:00,96.22,10/21/2019 16:00:00,128.83,10/21/2019 16:00:00,28.62
,2/7/2020 16:00:00,88.64,10/22/2019 16:00:00,95.6,10/22/2019 16:00:00,125.44,10/22/2019 16:00:00,28.26
,2/10/2020 16:00:00,89.67,10/23/2019 16:00:00,92.32,10/23/2019 16:00:00,126.97,10/23/2019 16:00:00,28.29
,2/11/2020 16:00:00,88.68,10/24/2019 16:00:00,91.5,10/24/2019 16:00:00,129.21,10/24/2019 16:00:00,29.41
,2/12/2020 16:00:00,88.28,10/25/2019 16:00:00,90.92,10/25/2019 16:00:00,129.32,10/25/2019 16:00:00,30.86
,2/13/2020 16:00:00,89.86,10/28/2019 16:00:00,90.85,10/28/2019 16:00:00,130.22,10/28/2019 16:00:00,31.36
,2/14/2020 16:00:00,90.95,10/29/2019 16:00:00,89.28,10/29/2019 16:00:00,130.74,10/29/2019 16:00:00,30.92
,2/18/2020 16:00:00,96.39,10/30/2019 16:00:00,90.19,10/30/2019 16:00:00,131.96,10/30/2019 16:00:00,30.29
,2/19/2020 16:00:00,103.93,10/31/2019 16:00:00,89.55,10/31/2019 16:00:00,131.76,10/31/2019 16:00:00,30.06
,2/20/2020 16:00:00,105.29,11/1/2019 16:00:00,89.18,11/1/2019 16:00:00,134.15,11/1/2019 16:00:00,30.56
,2/21/2020 16:00:00,101.76,11/4/2019 16:00:00,89.86,11/4/2019 16:00:00,131,11/4/2019 16:00:00,30.95
,2/24/2020 16:00:00,105.01,11/5/2019 16:00:00,89.88,11/5/2019 16:00:00,132.19,11/5/2019 16:00:00,31.18
,2/25/2020 16:00:00,107.08,11/6/2019 16:00:00,89.48,11/6/2019 16:00:00,130.89,11/6/2019 16:00:00,30.96
,2/26/2020 16:00:00,106.88,11/7/2019 16:00:00,90.4,11/7/2019 16:00:00,132.35,11/7/2019 16:00:00,30.89
,2/27/2020 16:00:00,113.55,11/8/2019 16:00:00,89.81,11/8/2019 16:00:00,130.69,11/8/2019 16:00:00,30.76
,2/28/2020 16:00:00,105,11/11/2019 16:00:00,90.05,11/11/2019 16:00:00,132.36,11/11/2019 16:00:00,30.59
,3/2/2020 16:00:00,113.11,11/12/2019 16:00:00,89.5,11/12/2019 16:00:00,132.62,11/12/2019 16:00:00,29.52
,3/3/2020 16:00:00,117.47,11/13/2019 16:00:00,91.29,11/13/2019 16:00:00,133.82,11/13/2019 16:00:00,28.66
,3/4/2020 16:00:00,116.8,11/14/2019 16:00:00,91.27,11/14/2019 16:00:00,135.5,11/14/2019 16:00:00,28.77
,3/5/2020 16:00:00,125,11/15/2019 16:00:00,93.04,11/15/2019 16:00:00,135.82,11/15/2019 16:00:00,28.86
,3/6/2020 16:00:00,114.32,11/18/2019 16:00:00,94.18,11/18/2019 16:00:00,137.04,11/18/2019 16:00:00,28.6
,3/9/2020 16:00:00,113.75,11/19/2019 16:00:00,93.61,11/19/2019 16:00:00,137.66,11/19/2019 16:00:00,29.29
,3/10/2020 16:00:00,108.49,11/20/2019 16:00:00,93.05,11/20/2019 16:00:00,137.47,11/20/2019 16:00:00,28.23
,3/11/2020 16:00:00,110.3,11/21/2019 16:00:00,92.16,11/21/2019 16:00:00,136.47,11/21/2019 16:00:00,27.93
,3/12/2020 16:00:00,109.47,11/22/2019 16:00:00,93.34,11/22/2019 16:00:00,135.46,11/22/2019 16:00:00,28.68
,3/13/2020 16:00:00,107.47,11/25/2019 16:00:00,92.9,11/25/2019 16:00:00,136.88,11/25/2019 16:00:00,28.99
,3/16/2020 16:00:00,107.86,11/26/2019 16:00:00,93.33,11/26/2019 16:00:00,137.54,11/26/2019 16:00:00,29.05
,3/17/2020 16:00:00,111.1,11/27/2019 16:00:00,94.14,11/27/2019 16:00:00,138.43,11/27/2019 16:00:00,28.95
,3/18/2020 16:00:00,118.71,11/29/2019 13:00:00,93.49,11/29/2019 13:00:00,138.15,11/29/2019 13:00:00,28.74
,3/19/2020 16:00:00,123.77,12/2/2019 16:00:00,93.56,12/2/2019 16:00:00,135.74,12/2/2019 16:00:00,28.08
,3/20/2020 16:00:00,130.55,12/3/2019 16:00:00,92.46,12/3/2019 16:00:00,136.22,12/3/2019 16:00:00,27.29
,3/23/2020 16:00:00,159.56,12/4/2019 16:00:00,93.72,12/4/2019 16:00:00,135.74,12/4/2019 16:00:00,27.38
,3/24/2020 16:00:00,135.18,12/5/2019 16:00:00,95.79,12/5/2019 16:00:00,136.93,12/5/2019 16:00:00,27.24
,3/25/2020 16:00:00,138.11,12/6/2019 16:00:00,97,12/6/2019 16:00:00,138.58,12/6/2019 16:00:00,27.73
,3/26/2020 16:00:00,141.15,12/9/2019 16:00:00,96.63,12/9/2019 16:00:00,136.96,12/9/2019 16:00:00,27.49
,3/27/2020 16:00:00,151.7,12/10/2019 16:00:00,97.01,12/10/2019 16:00:00,135.53,12/10/2019 16:00:00,27
,3/30/2020 16:00:00,150.88,12/11/2019 16:00:00,97.18,12/11/2019 16:00:00,135.5,12/11/2019 16:00:00,26.86
,3/31/2020 16:00:00,146.12,12/12/2019 16:00:00,97.72,12/12/2019 16:00:00,136.73,12/12/2019 16:00:00,27.72
,4/1/2020 16:00:00,137,12/13/2019 16:00:00,97.77,12/13/2019 16:00:00,138.19,12/13/2019 16:00:00,27.48
,4/2/2020 16:00:00,121.93,12/16/2019 16:00:00,98.81,12/16/2019 16:00:00,137.01,12/16/2019 16:00:00,27.92
,4/3/2020 16:00:00,128.2,12/17/2019 16:00:00,99.65,12/17/2019 16:00:00,137.86,12/17/2019 16:00:00,28.28
,4/6/2020 16:00:00,122.94,12/18/2019 16:00:00,100.57,12/18/2019 16:00:00,137.71,12/18/2019 16:00:00,28
,4/7/2020 16:00:00,113.75,12/19/2019 16:00:00,101.15,12/19/2019 16:00:00,138.08,12/19/2019 16:00:00,28.55
,4/8/2020 16:00:00,117.81,12/20/2019 16:00:00,99.96,12/20/2019 16:00:00,138.8,12/20/2019 16:00:00,29.04
,4/9/2020 16:00:00,124.51,12/23/2019 16:00:00,100.04,12/23/2019 16:00:00,138.21,12/23/2019 16:00:00,29.3
,4/13/2020 16:00:00,135.92,12/24/2019 13:00:00,100.14,12/24/2019 13:00:00,137.88,12/24/2019 13:00:00,29.18
,4/14/2020 16:00:00,141.89,12/26/2019 16:00:00,100.71,12/26/2019 16:00:00,138.7,12/26/2019 16:00:00,29.67
,4/15/2020 16:00:00,151.56,12/27/2019 16:00:00,101.57,12/27/2019 16:00:00,139.75,12/27/2019 16:00:00,28.44
,4/16/2020 16:00:00,150.26,12/30/2019 16:00:00,100.8,12/30/2019 16:00:00,138.6,12/30/2019 16:00:00,28.3
,4/17/2020 16:00:00,150.06,12/31/2019 16:00:00,101.31,12/31/2019 16:00:00,139.09,12/31/2019 16:00:00,28.68
,4/20/2020 16:00:00,148.99,1/2/2020 16:00:00,102.2,1/2/2020 16:00:00,139.9,1/2/2020 16:00:00,29.09
,4/21/2020 16:00:00,143.27,1/3/2020 16:00:00,101.92,1/3/2020 16:00:00,139.02,1/3/2020 16:00:00,27.65
,4/22/2020 16:00:00,150.25,1/6/2020 16:00:00,101.83,1/6/2020 16:00:00,140.35,1/6/2020 16:00:00,27.32
,4/23/2020 16:00:00,169.09,1/7/2020 16:00:00,101.78,1/7/2020 16:00:00,138.19,1/7/2020 16:00:00,27.22
,4/24/2020 16:00:00,158.8,1/8/2020 16:00:00,101.55,1/8/2020 16:00:00,140.22,1/8/2020 16:00:00,27.84
,4/27/2020 16:00:00,164.6,1/9/2020 16:00:00,101.48,1/9/2020 16:00:00,142.92,1/9/2020 16:00:00,27.95
,4/28/2020 16:00:00,156.72,1/10/2020 16:00:00,100.9,1/10/2020 16:00:00,141.94,1/10/2020 16:00:00,27.32
,4/29/2020 16:00:00,146.48,1/13/2020 16:00:00,102.16,1/13/2020 16:00:00,142.73,1/13/2020 16:00:00,27.39
,4/30/2020 16:00:00,135.17,1/14/2020 16:00:00,102.92,1/14/2020 16:00:00,142.45,1/14/2020 16:00:00,27.53
,5/1/2020 16:00:00,138.56,1/15/2020 16:00:00,102.79,1/15/2020 16:00:00,144.48,1/15/2020 16:00:00,27.58
,5/4/2020 16:00:00,143.44,1/16/2020 16:00:00,103.37,1/16/2020 16:00:00,146.24,1/16/2020 16:00:00,28.23
,5/5/2020 16:00:00,144.82,1/17/2020 16:00:00,104.53,1/17/2020 16:00:00,147.09,1/17/2020 16:00:00,28.4
,5/6/2020 16:00:00,149.59,1/21/2020 16:00:00,104.58,1/21/2020 16:00:00,147.62,1/21/2020 16:00:00,27.2
,5/7/2020 16:00:00,157.8,1/22/2020 16:00:00,104.49,1/22/2020 16:00:00,148.59,1/22/2020 16:00:00,27.32
,5/8/2020 16:00:00,155.4,1/23/2020 16:00:00,103.02,1/23/2020 16:00:00,149.01,1/23/2020 16:00:00,28.8
,,,1/24/2020 16:00:00,102.03,1/24/2020 16:00:00,147.92,1/24/2020 16:00:00,27.64
,,,1/27/2020 16:00:00,100.24,1/27/2020 16:00:00,146.39,1/27/2020 16:00:00,26.11
,,,1/28/2020 16:00:00,100.41,1/28/2020 16:00:00,147.96,1/28/2020 16:00:00,26.9
,,,1/29/2020 16:00:00,99.84,1/29/2020 16:00:00,148.09,1/29/2020 16:00:00,26.8
,,,1/30/2020 16:00:00,98.19,1/30/2020 16:00:00,147.5,1/30/2020 16:00:00,27.72
,,,1/31/2020 16:00:00,96.3,1/31/2020 16:00:00,143.66,1/31/2020 16:00:00,26.84
,,,2/3/2020 16:00:00,99.27,2/3/2020 16:00:00,145.75,2/3/2020 16:00:00,27.16
,,,2/4/2020 16:00:00,101.38,2/4/2020 16:00:00,147.42,2/4/2020 16:00:00,28.43
,,,2/5/2020 16:00:00,100.54,2/5/2020 16:00:00,146.12,2/5/2020 16:00:00,29.1
,,,2/6/2020 16:00:00,100.27,2/6/2020 16:00:00,147.34,2/6/2020 16:00:00,28.3
,,,2/7/2020 16:00:00,99.44,2/7/2020 16:00:00,146.46,2/7/2020 16:00:00,28.38
,,,2/10/2020 16:00:00,100.02,2/10/2020 16:00:00,149.98,2/10/2020 16:00:00,28.79
,,,2/11/2020 16:00:00,100.02,2/11/2020 16:00:00,149.51,2/11/2020 16:00:00,29.84
,,,2/12/2020 16:00:00,103,2/12/2020 16:00:00,147.96,2/12/2020 16:00:00,30.47
,,,2/13/2020 16:00:00,103.37,2/13/2020 16:00:00,154.32,2/13/2020 16:00:00,30.09
,,,2/14/2020 16:00:00,103.54,2/14/2020 16:00:00,157.44,2/14/2020 16:00:00,29.2
,,,2/18/2020 16:00:00,102,2/18/2020 16:00:00,155.65,2/18/2020 16:00:00,28.63
,,,2/19/2020 16:00:00,102.46,2/19/2020 16:00:00,157.29,2/19/2020 16:00:00,28.33
,,,2/20/2020 16:00:00,102.53,2/20/2020 16:00:00,156.78,2/20/2020 16:00:00,28.51
,,,2/21/2020 16:00:00,100.25,2/21/2020 16:00:00,154.93,2/21/2020 16:00:00,27.82
,,,2/24/2020 16:00:00,95.91,2/24/2020 16:00:00,150.72,2/24/2020 16:00:00,25.45
,,,2/25/2020 16:00:00,92.9,2/25/2020 16:00:00,144.66,2/25/2020 16:00:00,23.12
,,,2/26/2020 16:00:00,92,2/26/2020 16:00:00,143.9,2/26/2020 16:00:00,22.31
,,,2/27/2020 16:00:00,88.55,2/27/2020 16:00:00,138.87,2/27/2020 16:00:00,20.6
,,,2/28/2020 16:00:00,89.38,2/28/2020 16:00:00,139.72,2/28/2020 16:00:00,19.05
,,,3/2/2020 16:00:00,92.68,3/2/2020 16:00:00,148.61,3/2/2020 16:00:00,18.86
,,,3/3/2020 16:00:00,90.93,3/3/2020 16:00:00,143.09,3/3/2020 16:00:00,17.85
,,,3/4/2020 16:00:00,93.79,3/4/2020 16:00:00,149.93,3/4/2020 16:00:00,18.53
,,,3/5/2020 16:00:00,90.58,3/5/2020 16:00:00,142.75,3/5/2020 16:00:00,16.04
,,,3/6/2020 16:00:00,88.36,3/6/2020 16:00:00,139.91,3/6/2020 16:00:00,15.97
,,,3/9/2020 16:00:00,84.11,3/9/2020 16:00:00,130.04,3/9/2020 16:00:00,14.75
,,,3/10/2020 16:00:00,88.3,3/10/2020 16:00:00,140.9,3/10/2020 16:00:00,17
,,,3/11/2020 16:00:00,84,3/11/2020 16:00:00,132.96,3/11/2020 16:00:00,16.26
,,,3/12/2020 16:00:00,74.2,3/12/2020 16:00:00,118.46,3/12/2020 16:00:00,13.45
,,,3/13/2020 16:00:00,75.58,3/13/2020 16:00:00,129.9,3/13/2020 16:00:00,14.31
,,,3/16/2020 16:00:00,66.79,3/16/2020 16:00:00,108.35,3/16/2020 16:00:00,15.92
,,,3/17/2020 16:00:00,69.84,3/17/2020 16:00:00,113.96,3/17/2020 16:00:00,15.58
,,,3/18/2020 16:00:00,68.04,3/18/2020 16:00:00,102.94,3/18/2020 16:00:00,11.65
,,,3/19/2020 16:00:00,70.34,3/19/2020 16:00:00,105.23,3/19/2020 16:00:00,10.29
,,,3/20/2020 16:00:00,67.45,3/20/2020 16:00:00,102.82,3/20/2020 16:00:00,10.38
,,,3/23/2020 16:00:00,62.8,3/23/2020 16:00:00,102.45,3/23/2020 16:00:00,10.25
,,,3/24/2020 16:00:00,72.33,3/24/2020 16:00:00,119.16,3/24/2020 16:00:00,13.92
,,,3/25/2020 16:00:00,79.01,3/25/2020 16:00:00,120.37,3/25/2020 16:00:00,15.39
,,,3/26/2020 16:00:00,84.3,3/26/2020 16:00:00,123.64,3/26/2020 16:00:00,15.66
,,,3/27/2020 16:00:00,83.23,3/27/2020 16:00:00,120.1,3/27/2020 16:00:00,14.04
,,,3/30/2020 16:00:00,85.38,3/30/2020 16:00:00,125.29,3/30/2020 16:00:00,12.25
,,,3/31/2020 16:00:00,82.74,3/31/2020 16:00:00,121.64,3/31/2020 16:00:00,12.19
,,,4/1/2020 16:00:00,79.23,4/1/2020 16:00:00,114.56,4/1/2020 16:00:00,10.69
,,,4/2/2020 16:00:00,80.14,4/2/2020 16:00:00,117.11,4/2/2020 16:00:00,10.06
,,,4/3/2020 16:00:00,78.86,4/3/2020 16:00:00,115.22,4/3/2020 16:00:00,9.39
,,,4/6/2020 16:00:00,84.63,4/6/2020 16:00:00,123.02,4/6/2020 16:00:00,9.5
,,,4/7/2020 16:00:00,84.16,4/7/2020 16:00:00,120.14,4/7/2020 16:00:00,10.22
,,,4/8/2020 16:00:00,85.3,4/8/2020 16:00:00,124.77,4/8/2020 16:00:00,11.33
,,,4/9/2020 16:00:00,86.79,4/9/2020 16:00:00,125.12,4/9/2020 16:00:00,12.51
,,,4/13/2020 16:00:00,84.46,4/13/2020 16:00:00,123.6,4/13/2020 16:00:00,11.56
,,,4/14/2020 16:00:00,87.47,4/14/2020 16:00:00,123.79,4/14/2020 16:00:00,11.95
,,,4/15/2020 16:00:00,85.04,4/15/2020 16:00:00,120.16,4/15/2020 16:00:00,12.29
,,,4/16/2020 16:00:00,86.3,4/16/2020 16:00:00,122.99,4/16/2020 16:00:00,11.07
,,,4/17/2020 16:00:00,89.91,4/17/2020 16:00:00,127.96,4/17/2020 16:00:00,11.57
,,,4/20/2020 16:00:00,87.9,4/20/2020 16:00:00,122.62,4/20/2020 16:00:00,11.06
,,,4/21/2020 16:00:00,85.2,4/21/2020 16:00:00,117.47,4/21/2020 16:00:00,11
,,,4/22/2020 16:00:00,88.77,4/22/2020 16:00:00,122.55,4/22/2020 16:00:00,10.27
,,,4/23/2020 16:00:00,87.35,4/23/2020 16:00:00,121.18,4/23/2020 16:00:00,10.25
,,,4/24/2020 16:00:00,88.37,4/24/2020 16:00:00,125.73,4/24/2020 16:00:00,10.31
,,,4/27/2020 16:00:00,89.37,4/27/2020 16:00:00,127.64,4/27/2020 16:00:00,10.02
,,,4/28/2020 16:00:00,88.8,4/28/2020 16:00:00,129.13,4/28/2020 16:00:00,11.26
,,,4/29/2020 16:00:00,88.07,4/29/2020 16:00:00,134.29,4/29/2020 16:00:00,12.63
,,,4/30/2020 16:00:00,87.18,4/30/2020 16:00:00,131.89,4/30/2020 16:00:00,12.01
,,,5/1/2020 16:00:00,85.54,5/1/2020 16:00:00,129.29,5/1/2020 16:00:00,10.64
,,,5/4/2020 16:00:00,85.75,5/4/2020 16:00:00,128.58,5/4/2020 16:00:00,9.82
,,,5/5/2020 16:00:00,87.2,5/5/2020 16:00:00,131.95,5/5/2020 16:00:00,9.51
,,,5/6/2020 16:00:00,88.44,5/6/2020 16:00:00,131.91,5/6/2020 16:00:00,9.25
,,,5/7/2020 16:00:00,88.56,5/7/2020 16:00:00,129.44,5/7/2020 16:00:00,9.54
,,,5/8/2020 16:00:00,90.46,5/8/2020 16:00:00,128.23,5/8/2020 16:00:00,10.14